{"payload":{"installed_packages":["absl-py==1.4.0","asttokens==2.2.1","attrs==22.2.0","backcall==0.2.0","cachetools==5.3.0","certifi==2022.12.7","charset-normalizer==3.0.1","clearml==1.9.1","colorama==0.4.6","comet-ml==3.32.2","configobj==5.0.8","contourpy==1.0.7","cycler==0.11.0","decorator==5.1.1","dulwich==0.21.3","everett==3.1.0","executing==1.2.0","fonttools==4.38.0","furl==2.1.3","gitdb==4.0.10","gitpython==3.1.31","google-auth-oauthlib==0.4.6","google-auth==2.16.1","grpcio==1.51.1","idna==3.4","importlib-metadata==6.0.0","importlib-resources==5.12.0","ipython==8.10.0","jedi==0.18.2","jsonschema==4.17.3","kiwisolver==1.4.4","labelimg==1.8.6","lxml==4.9.2","markdown==3.4.1","markupsafe==2.1.2","matplotlib-inline==0.1.6","matplotlib==3.7.0","numpy==1.23.5","oauthlib==3.2.2","opencv-python==4.7.0.68","orderedmultidict==1.0.1","packaging==23.0","pandas==1.5.3","parso==0.8.3","pathlib2==2.3.7.post1","pickleshare==0.7.5","pillow==9.4.0","pip==22.3.1","prompt-toolkit==3.0.37","protobuf==4.21.2","psutil==5.9.4","pure-eval==0.2.2","pyasn1-modules==0.2.8","pyasn1==0.4.8","pygments==2.14.0","pyjwt==2.4.0","pyparsing==3.0.9","pyqt5-qt5==5.15.2","pyqt5-sip==12.11.1","pyqt5==5.15.9","pyrsistent==0.19.3","python-box==6.1.0","python-dateutil==2.8.2","pytz==2022.7.1","pyyaml==6.0","requests-oauthlib==1.3.1","requests-toolbelt==0.10.1","requests==2.28.2","rsa==4.9","scipy==1.10.1","seaborn==0.12.2","semantic-version==2.10.0","sentry-sdk==1.15.0","setuptools==65.6.3","simplejson==3.18.3","six==1.16.0","smmap==5.0.0","stack-data==0.6.2","tensorboard-data-server==0.7.0","tensorboard-plugin-wit==1.8.1","tensorboard==2.12.0","thop==0.1.1.post2209072238","torch==1.12.1+cu113","torchaudio==0.12.1+cu113","torchvision==0.13.1+cu113","tqdm==4.64.1","traitlets==5.9.0","typing-extensions==4.5.0","urllib3==1.26.14","wcwidth==0.2.6","websocket-client==1.3.3","werkzeug==2.2.3","wheel==0.38.4","wincertstore==0.2","wrapt==1.14.1","wurlitzer==3.0.3","zipp==3.14.0"],"local_timestamp":1677195930856},"type":"ws_msg"}
{"payload":{"env_details":{"command":["train.py","--workers","1","--device","0","--batch-size","8","--hyp","data/hyps/hyp.scratch-med.yaml","--epochs","50","--img","416","--data","data/customData.yaml","--weights","yolov5m.pt"],"env":null,"hostname":"DESKTOP-FJBR04B","ip":"192.168.1.18","machine":"AMD64","os":"Windows-10-10.0.19044-SP0","os_release":"10","os_type":"Windows","pid":12628,"processor":"AMD64 Family 23 Model 113 Stepping 0, AuthenticAMD","python_exe":"C:\\Users\\MostaFa\\anaconda3\\envs\\yolov7\\python.exe","python_version":"3.9.16","python_version_verbose":"3.9.16 (main, Jan 11 2023, 16:16:36) [MSC v.1916 64 bit (AMD64)]","user":"Mostafa"},"local_timestamp":1677195930869},"type":"ws_msg"}
{"payload":{"gpu_static_info":[{"gpu_index":0,"name":"NVIDIA GeForce GTX 1650","power_limit":75000,"total_memory":4294967296,"uuid":"GPU-bb7eceab-0fd0-d296-dfd3-4f51dc2a176f"}],"local_timestamp":1677195930897},"type":"ws_msg"}
{"payload":{"local_timestamp":1677195930900,"metric":{"epoch":null,"metricName":"sys.gpu.0.total_memory","metricValue":4294967296,"step":null}},"type":"metric_msg"}
{"payload":{"local_timestamp":1677195931090,"param":{"paramName":"workers","paramValue":1,"source":"cli","step":null}},"type":"parameter_msg"}
{"payload":{"local_timestamp":1677195931091,"param":{"paramName":"device","paramValue":0,"source":"cli","step":null}},"type":"parameter_msg"}
{"payload":{"local_timestamp":1677195931091,"param":{"paramName":"batch-size","paramValue":8,"source":"cli","step":null}},"type":"parameter_msg"}
{"payload":{"local_timestamp":1677195931091,"param":{"paramName":"hyp","paramValue":"data/hyps/hyp.scratch-med.yaml","source":"cli","step":null}},"type":"parameter_msg"}
{"payload":{"local_timestamp":1677195931091,"param":{"paramName":"epochs","paramValue":50,"source":"cli","step":null}},"type":"parameter_msg"}
{"payload":{"local_timestamp":1677195931091,"param":{"paramName":"img","paramValue":416,"source":"cli","step":null}},"type":"parameter_msg"}
{"payload":{"local_timestamp":1677195931091,"param":{"paramName":"data","paramValue":"data/customData.yaml","source":"cli","step":null}},"type":"parameter_msg"}
{"payload":{"local_timestamp":1677195931091,"param":{"paramName":"weights","paramValue":"yolov5m.pt","source":"cli","step":null}},"type":"parameter_msg"}
{"payload":{"local_timestamp":1677195931091,"metric":{"epoch":null,"metricName":"sys.cpu.percent.avg","metricValue":34.2,"step":null}},"type":"metric_msg"}
{"payload":{"local_timestamp":1677195931091,"metric":{"epoch":null,"metricName":"sys.cpu.percent.01","metricValue":39.9,"step":null}},"type":"metric_msg"}
{"payload":{"local_timestamp":1677195931091,"metric":{"epoch":null,"metricName":"sys.cpu.percent.02","metricValue":77.4,"step":null}},"type":"metric_msg"}
{"payload":{"local_timestamp":1677195931091,"metric":{"epoch":null,"metricName":"sys.cpu.percent.03","metricValue":8.4,"step":null}},"type":"metric_msg"}
{"payload":{"local_timestamp":1677195931091,"metric":{"epoch":null,"metricName":"sys.cpu.percent.04","metricValue":1.7,"step":null}},"type":"metric_msg"}
{"payload":{"local_timestamp":1677195931091,"metric":{"epoch":null,"metricName":"sys.cpu.percent.05","metricValue":62.1,"step":null}},"type":"metric_msg"}
{"payload":{"local_timestamp":1677195931091,"metric":{"epoch":null,"metricName":"sys.cpu.percent.06","metricValue":15.7,"step":null}},"type":"metric_msg"}
{"payload":{"local_timestamp":1677195931091,"metric":{"epoch":null,"metricName":"sys.load.avg","metricValue":0.0,"step":null}},"type":"metric_msg"}
{"payload":{"local_timestamp":1677195931091,"metric":{"epoch":null,"metricName":"sys.ram.total","metricValue":8538714112,"step":null}},"type":"metric_msg"}
{"payload":{"local_timestamp":1677195931091,"metric":{"epoch":null,"metricName":"sys.ram.used","metricValue":3617112064,"step":null}},"type":"metric_msg"}
{"payload":{"local_timestamp":1677195931091,"log_other":{"key":"offline_experiment","val":true}},"type":"ws_msg"}
{"payload":{"local_timestamp":1677195931094,"stderr":true,"stdout":"Traceback (most recent call last):\n"},"type":"ws_msg"}
{"payload":{"local_timestamp":1677195931096,"stderr":true,"stdout":"  File \"e:\\Rengo\\gp\\yolov5\\train.py\", line 640, in <module>\n"},"type":"ws_msg"}
{"payload":{"local_timestamp":1677195931096,"metric":{"epoch":null,"metricName":"sys.gpu.0.free_memory","metricValue":3869376512,"step":null}},"type":"metric_msg"}
{"payload":{"local_timestamp":1677195931096,"metric":{"epoch":null,"metricName":"sys.gpu.0.gpu_utilization","metricValue":3,"step":null}},"type":"metric_msg"}
{"payload":{"local_timestamp":1677195931096,"metric":{"epoch":null,"metricName":"sys.gpu.0.power_usage","metricValue":7285,"step":null}},"type":"metric_msg"}
{"payload":{"local_timestamp":1677195931096,"metric":{"epoch":null,"metricName":"sys.gpu.0.temperature","metricValue":34,"step":null}},"type":"metric_msg"}
{"payload":{"local_timestamp":1677195931096,"metric":{"epoch":null,"metricName":"sys.gpu.0.used_memory","metricValue":425590784,"step":null}},"type":"metric_msg"}
{"payload":{"local_timestamp":1677195931097,"stderr":true,"stdout":"    "},"type":"ws_msg"}
{"payload":{"local_timestamp":1677195931097,"stderr":true,"stdout":"main(opt)"},"type":"ws_msg"}
{"payload":{"local_timestamp":1677195931098,"stderr":true,"stdout":"\n"},"type":"ws_msg"}
{"payload":{"local_timestamp":1677195931099,"stderr":true,"stdout":"  File \"e:\\Rengo\\gp\\yolov5\\train.py\", line 529, in main\n"},"type":"ws_msg"}
{"payload":{"local_timestamp":1677195931100,"stderr":true,"stdout":"    "},"type":"ws_msg"}
{"payload":{"local_timestamp":1677195931100,"stderr":true,"stdout":"train(opt.hyp, opt, device, callbacks)"},"type":"ws_msg"}
{"payload":{"local_timestamp":1677195931100,"stderr":true,"stdout":"\n"},"type":"ws_msg"}
{"payload":{"local_timestamp":1677195931102,"stderr":true,"stdout":"  File \"e:\\Rengo\\gp\\yolov5\\train.py\", line 96, in train\n"},"type":"ws_msg"}
{"payload":{"local_timestamp":1677195931103,"stderr":true,"stdout":"    "},"type":"ws_msg"}
{"payload":{"local_timestamp":1677195931103,"stderr":true,"stdout":"loggers = Loggers(save_dir, weights, opt, hyp, LOGGER)  # loggers instance"},"type":"ws_msg"}
{"payload":{"local_timestamp":1677195931103,"stderr":true,"stdout":"\n"},"type":"ws_msg"}
{"payload":{"local_timestamp":1677195931104,"stderr":true,"stdout":"  File \"e:\\Rengo\\gp\\yolov5\\utils\\loggers\\__init__.py\", line 129, in __init__\n"},"type":"ws_msg"}
{"payload":{"local_timestamp":1677195931105,"stderr":true,"stdout":"    "},"type":"ws_msg"}
{"payload":{"local_timestamp":1677195931105,"stderr":true,"stdout":"self.comet_logger = CometLogger(self.opt, self.hyp)"},"type":"ws_msg"}
{"payload":{"local_timestamp":1677195931106,"stderr":true,"stdout":"\n"},"type":"ws_msg"}
{"payload":{"local_timestamp":1677195931107,"stderr":true,"stdout":"  File \"e:\\Rengo\\gp\\yolov5\\utils\\loggers\\comet\\__init__.py\", line 97, in __init__\n"},"type":"ws_msg"}
{"payload":{"local_timestamp":1677195931107,"stderr":true,"stdout":"    "},"type":"ws_msg"}
{"payload":{"local_timestamp":1677195931107,"stderr":true,"stdout":"self.data_dict = self.check_dataset(self.opt.data)"},"type":"ws_msg"}
{"payload":{"local_timestamp":1677195931108,"stderr":true,"stdout":"\n"},"type":"ws_msg"}
{"payload":{"local_timestamp":1677195931109,"stderr":true,"stdout":"  File \"e:\\Rengo\\gp\\yolov5\\utils\\loggers\\comet\\__init__.py\", line 234, in check_dataset\n"},"type":"ws_msg"}
{"payload":{"local_timestamp":1677195931109,"stderr":true,"stdout":"    "},"type":"ws_msg"}
{"payload":{"local_timestamp":1677195931109,"stderr":true,"stdout":"if data_config['path'].startswith(COMET_PREFIX):"},"type":"ws_msg"}
{"payload":{"local_timestamp":1677195931110,"stderr":true,"stdout":"\n"},"type":"ws_msg"}
{"payload":{"local_timestamp":1677195931110,"stderr":true,"stdout":"KeyError"},"type":"ws_msg"}
{"payload":{"local_timestamp":1677195931110,"stderr":true,"stdout":": "},"type":"ws_msg"}
{"payload":{"local_timestamp":1677195931110,"stderr":true,"stdout":"'path'"},"type":"ws_msg"}
{"payload":{"local_timestamp":1677195931111,"stderr":true,"stdout":"\n"},"type":"ws_msg"}
{"payload":{"additional_params":{"assetId":"81d83a384bab4a6ab308f7ff9ffd2e5f","context":null,"epoch":null,"extension":"yml","fileName":"conda-environment.yml","overwrite":false,"runId":null,"step":null,"type":"conda-environment-definition"},"clean":true,"file_path":"tmpgd6nah_g","local_timestamp":1677195934748,"metadata":{},"upload_type":"conda-environment-definition"},"type":"file_upload"}
{"payload":{"additional_params":{"assetId":"e3af4382dee74e09a6f0c7aef569c1b1","context":null,"epoch":null,"extension":"txt","fileName":"conda-spec.txt","overwrite":false,"runId":null,"step":null,"type":"conda-specification"},"clean":true,"file_path":"tmp7iu47m6s","local_timestamp":1677195935603,"metadata":{},"upload_type":"conda-specification"},"type":"file_upload"}
{"payload":{"additional_params":{"assetId":"bc0a021c3dbc475489e295d93c307cfd","context":null,"epoch":null,"extension":"yml","fileName":"conda-info.yml","overwrite":false,"runId":null,"step":null,"type":"conda-info"},"clean":true,"file_path":"tmptdp0gsob","local_timestamp":1677195936646,"metadata":{},"upload_type":"conda-info"},"type":"file_upload"}
{"payload":{"local_timestamp":1677195936645,"stderr":true,"stdout":"COMET INFO: ---------------------------------------------------------------------------------------\n"},"type":"ws_msg"}
{"payload":{"local_timestamp":1677195936648,"stderr":true,"stdout":"COMET INFO: Comet.ml OfflineExperiment Summary\n"},"type":"ws_msg"}
{"payload":{"local_timestamp":1677195936650,"stderr":true,"stdout":"COMET INFO: ---------------------------------------------------------------------------------------\n"},"type":"ws_msg"}
{"payload":{"local_timestamp":1677195936652,"stderr":true,"stdout":"COMET INFO:   Data:\n"},"type":"ws_msg"}
{"payload":{"local_timestamp":1677195936653,"stderr":true,"stdout":"COMET INFO:     display_summary_level : 1\n"},"type":"ws_msg"}
{"payload":{"local_timestamp":1677195936654,"stderr":true,"stdout":"COMET INFO:     url                   : [OfflineExperiment will get URL after upload]\n"},"type":"ws_msg"}
{"payload":{"local_timestamp":1677195936655,"stderr":true,"stdout":"COMET INFO:   Others:\n"},"type":"ws_msg"}
{"payload":{"local_timestamp":1677195936656,"stderr":true,"stdout":"COMET INFO:     offline_experiment : True\n"},"type":"ws_msg"}
{"payload":{"local_timestamp":1677195936658,"stderr":true,"stdout":"COMET INFO:   Uploads:\n"},"type":"ws_msg"}
{"payload":{"local_timestamp":1677195936659,"stderr":true,"stdout":"COMET INFO:     conda-environment-definition : 1\n"},"type":"ws_msg"}
{"payload":{"local_timestamp":1677195936660,"stderr":true,"stdout":"COMET INFO:     conda-info                   : 1\n"},"type":"ws_msg"}
{"payload":{"local_timestamp":1677195936661,"stderr":true,"stdout":"COMET INFO:     conda-specification          : 1\n"},"type":"ws_msg"}
{"payload":{"local_timestamp":1677195936662,"stderr":true,"stdout":"COMET INFO:     environment details          : 1\n"},"type":"ws_msg"}
{"payload":{"local_timestamp":1677195936664,"stderr":true,"stdout":"COMET INFO:     installed packages           : 1\n"},"type":"ws_msg"}
{"payload":{"local_timestamp":1677195936665,"stderr":true,"stdout":"COMET INFO: \n"},"type":"ws_msg"}
{"payload":{"local_timestamp":1677195936666,"stderr":true,"stdout":"COMET WARNING: Experiment Name is generated at upload time for Offline Experiments unless set explicitly with Experiment.set_name\n"},"type":"ws_msg"}
{"payload":{"local_timestamp":1677195936667,"stderr":true,"stdout":"COMET WARNING: Comet has disabled auto-logging functionality as it has been imported after the following ML modules: tensorboard, torch. Metrics and hyperparameters can still be logged using Experiment.log_metrics() and Experiment.log_parameters()\n"},"type":"ws_msg"}
{"payload":{"local_timestamp":1677195936667,"log_other":{"key":"sys.already_imported_modules","val":"[\"tensorboard\", \"torch\"]"}},"type":"ws_msg"}
